order_number;Shipping;client_number;order_time;delivery_phone_number;Remarks
31;1;9,72502E+11;28/01/2021;9,72543E+11;
32;1;9,72502E+11;24/05/2022;9,72545E+11;
33;1;9,72502E+11;1/3/2021;9,72507E+11;
34;1;9,72502E+11;1/5/2021;9,72525E+11;
35;1;9,72502E+11;15/11/2021;9,72548E+11;
36;1;9,72502E+11;16/07/2021;9,7253E+11;
37;1;9,72502E+11;27/04/2021;9,72509E+11;
38;1;9,72502E+11;24/06/2022;9,72547E+11;
39;1;9,72502E+11;8/1/2021;9,7253E+11;
40;1;9,72502E+11;8/2/2021;9,72543E+11;
41;1;9,72502E+11;25/10/2021;9,72545E+11;
42;1;9,72502E+11;13/07/2021;9,72507E+11;
43;1;9,72502E+11;31/10/2021;9,72525E+11;
44;1;9,72502E+11;21/07/2021;9,72548E+11;
45;1;9,72502E+11;21/11/2021;9,7253E+11;
46;1;9,72502E+11;29/10/2021;9,72509E+11;
47;1;9,72502E+11;11/5/2022;9,72547E+11;
48;1;9,72502E+11;11/4/2022;9,7253E+11;
49;1;9,72502E+11;13/01/2022;9,72543E+11;
50;1;9,72502E+11;5/5/2022;9,72545E+11;
51;1;9,72502E+11;25/07/2022;9,72507E+11;
52;1;9,72502E+11;8/7/2021;9,72525E+11;
53;1;9,72502E+11;21/07/2021;9,72548E+11;
54;1;9,72502E+11;20/05/2021;9,7253E+11;
55;1;9,72502E+11;27/12/2021;9,72509E+11;
56;1;9,72502E+11;27/06/2022;9,72547E+11;
57;1;9,72502E+11;13/10/2021;9,7253E+11;
58;1;9,72502E+11;8/7/2022;9,72543E+11;
59;1;9,72502E+11;22/07/2021;9,72545E+11;
60;1;9,72502E+11;3/6/2022;9,72507E+11;
61;1;9,72502E+11;2/2/2021;9,72525E+11;
62;1;9,72502E+11;29/06/2022;9,72548E+11;
63;1;9,72502E+11;16/11/2021;9,7253E+11;
64;1;9,72502E+11;24/05/2022;9,72509E+11;
65;1;9,72502E+11;4/7/2022;9,72547E+11;
66;1;9,72502E+11;19/07/2021;9,7253E+11;
67;1;9,72502E+11;20/04/2022;9,72543E+11;
68;1;9,72502E+11;20/11/2021;9,72545E+11;
69;1;9,72502E+11;8/1/2021;9,72507E+11;
70;1;9,72502E+11;2/6/2022;9,72525E+11;
71;1;9,72502E+11;27/04/2022;9,72548E+11;
72;1;9,72502E+11;24/02/2021;9,7253E+11;
73;1;9,72502E+11;4/11/2021;9,72509E+11;
74;1;9,72502E+11;20/04/2022;9,72547E+11;
75;1;9,72502E+11;17/05/2022;9,7253E+11;
76;1;9,72502E+11;28/05/2021;9,72543E+11;
77;1;9,72502E+11;15/10/2021;9,72545E+11;
78;1;9,72502E+11;28/01/2022;9,72507E+11;
79;1;9,72502E+11;27/11/2021;9,72525E+11;
80;1;9,72502E+11;10/4/2022;9,72548E+11;
81;1;9,72502E+11;16/04/2022;9,7253E+11;
82;1;9,72502E+11;12/9/2021;9,72509E+11;
83;1;9,72502E+11;8/8/2021;9,72547E+11;
84;1;9,72502E+11;12/2/2021;9,7253E+11;
85;1;9,72502E+11;6/8/2021;9,72543E+11;
86;1;9,72502E+11;20/03/2022;9,72545E+11;
87;1;9,72502E+11;21/05/2022;9,72507E+11;
88;1;9,72502E+11;5/4/2022;9,72525E+11;
89;1;9,72502E+11;10/6/2022;9,72548E+11;
90;1;9,72502E+11;1/1/2021;9,7253E+11;
91;1;9,72502E+11;11/6/2022;9,72509E+11;
92;1;9,72502E+11;2/1/2022;9,72547E+11;
93;1;9,72502E+11;17/06/2021;9,7253E+11;
94;1;9,72502E+11;3/3/2022;9,72543E+11;
95;1;9,72502E+11;25/11/2021;9,72545E+11;
96;1;9,72502E+11;25/10/2021;9,72507E+11;
97;1;9,72502E+11;19/06/2021;9,72525E+11;
98;1;9,72502E+11;21/04/2022;9,72548E+11;
99;1;9,72502E+11;17/04/2021;9,7253E+11;
100;1;9,72502E+11;10/7/2021;9,72509E+11;
101;1;9,72502E+11;13/12/2021;9,72547E+11;
102;1;9,72502E+11;24/11/2021;9,7253E+11;
103;1;9,72502E+11;20/08/2021;9,72543E+11;
104;1;9,72502E+11;4/2/2021;9,72545E+11;
105;1;9,72502E+11;17/03/2021;9,72507E+11;
106;1;9,72502E+11;15/02/2022;9,72525E+11;
107;1;9,72502E+11;7/6/2022;9,72548E+11;
108;1;9,72502E+11;10/4/2021;9,7253E+11;
109;1;9,72502E+11;3/6/2022;9,72509E+11;
110;1;9,72502E+11;27/02/2021;9,72547E+11;
111;1;9,72502E+11;17/05/2021;9,7253E+11;
112;1;9,72502E+11;30/11/2021;9,72543E+11;
113;1;9,72502E+11;12/1/2022;9,72545E+11;
114;1;9,72502E+11;13/03/2021;9,72507E+11;
115;1;9,72502E+11;9/1/2022;9,72525E+11;
116;1;9,72502E+11;21/01/2021;9,72548E+11;
117;1;9,72502E+11;19/03/2022;9,7253E+11;
118;1;9,72502E+11;13/05/2021;9,72509E+11;
119;1;9,72502E+11;16/11/2021;9,72547E+11;
120;1;9,72502E+11;30/04/2022;9,7253E+11;
121;1;9,72502E+11;12/3/2021;9,72543E+11;
122;1;9,72502E+11;2/3/2021;9,72545E+11;
123;1;9,72502E+11;4/7/2021;9,72507E+11;
124;1;9,72502E+11;12/1/2022;9,72525E+11;
125;1;9,72502E+11;18/05/2022;9,72548E+11;
126;1;9,72502E+11;28/07/2022;9,7253E+11;
127;1;9,72502E+11;3/5/2022;9,72509E+11;
128;1;9,72502E+11;17/01/2022;9,72547E+11;
129;1;9,72502E+11;27/05/2022;9,7253E+11;
130;1;9,72502E+11;30/04/2021;9,72543E+11;
131;1;9,72502E+11;25/10/2021;9,72545E+11;
132;1;9,72502E+11;14/05/2021;9,72507E+11;
133;1;9,72502E+11;17/12/2021;9,72525E+11;
134;1;9,72502E+11;8/4/2021;9,72548E+11;
135;1;9,72502E+11;2/4/2022;9,7253E+11;
136;1;9,72502E+11;22/02/2021;9,72509E+11;
137;1;9,72502E+11;18/11/2021;9,72547E+11;
138;1;9,72502E+11;1/9/2021;9,7253E+11;
139;1;9,72502E+11;20/05/2022;9,72543E+11;
140;1;9,72502E+11;21/04/2022;9,72545E+11;
141;1;9,72502E+11;21/01/2021;9,72507E+11;
142;1;9,72502E+11;25/02/2021;9,72525E+11;
143;1;9,72502E+11;22/07/2021;9,72548E+11;
144;1;9,72502E+11;7/3/2022;9,7253E+11;
145;1;9,72502E+11;11/8/2021;9,72509E+11;
146;1;9,72502E+11;28/03/2021;9,72547E+11;
147;1;9,72502E+11;26/10/2021;9,7253E+11;
148;1;9,72502E+11;15/05/2021;9,72543E+11;
149;1;9,72502E+11;27/03/2021;9,72545E+11;
150;1;9,72502E+11;6/1/2022;9,72507E+11;
151;1;9,72502E+11;17/02/2022;9,72525E+11;
152;1;9,72502E+11;25/12/2021;9,72548E+11;
153;1;9,72502E+11;31/07/2021;9,7253E+11;
154;1;9,72502E+11;15/09/2021;9,72509E+11;
155;1;9,72502E+11;6/6/2022;9,72547E+11;
156;1;9,72502E+11;27/06/2021;9,7253E+11;
157;1;9,72502E+11;11/7/2021;9,72543E+11;
158;1;9,72502E+11;15/03/2021;9,72545E+11;
159;1;9,72502E+11;15/05/2022;9,72507E+11;
160;1;9,72502E+11;23/04/2022;9,72525E+11;
161;1;9,72502E+11;6/8/2021;9,72548E+11;
162;1;9,72502E+11;14/03/2022;9,7253E+11;
163;1;9,72502E+11;28/02/2022;9,72509E+11;
164;1;9,72502E+11;7/6/2021;9,72547E+11;
165;1;9,72502E+11;23/06/2021;9,7253E+11;
166;1;9,72502E+11;3/9/2021;9,72543E+11;
167;1;9,72502E+11;25/09/2021;9,72545E+11;
168;1;9,72502E+11;13/03/2022;9,72507E+11;
169;1;9,72502E+11;7/4/2021;9,72525E+11;
170;1;9,72502E+11;16/06/2021;9,72548E+11;
171;1;9,72502E+11;22/07/2021;9,7253E+11;
172;1;9,72502E+11;10/11/2021;9,72509E+11;
173;1;9,72502E+11;3/3/2022;9,72547E+11;
174;1;9,72502E+11;7/10/2021;9,7253E+11;
175;1;9,72502E+11;6/7/2021;9,72543E+11;
176;1;9,72502E+11;11/7/2022;9,72545E+11;
177;1;9,72502E+11;6/3/2022;9,72507E+11;
178;1;9,72502E+11;14/06/2021;9,72525E+11;
179;1;9,72502E+11;28/03/2021;9,72548E+11;
180;1;9,72502E+11;22/09/2021;9,7253E+11;
181;1;9,72502E+11;31/07/2021;9,72509E+11;
182;1;9,72502E+11;13/11/2021;9,72547E+11;
183;1;9,72502E+11;8/2/2022;9,7253E+11;
184;1;9,72502E+11;12/7/2022;9,72543E+11;
185;1;9,72502E+11;24/09/2021;9,72545E+11;
186;1;9,72502E+11;22/01/2022;9,72507E+11;
187;1;9,72502E+11;31/05/2022;9,72525E+11;
188;1;9,72502E+11;22/02/2021;9,72548E+11;
189;1;9,72502E+11;14/03/2022;9,7253E+11;
190;1;9,72502E+11;3/5/2022;9,72509E+11;
191;1;9,72502E+11;18/01/2022;9,72547E+11;
192;1;9,72502E+11;20/06/2022;9,7253E+11;
193;1;9,72502E+11;30/06/2022;9,72543E+11;
194;1;9,72502E+11;11/10/2021;9,72545E+11;
195;1;9,72502E+11;26/06/2021;9,72507E+11;
196;1;9,72502E+11;10/11/2021;9,72525E+11;
197;1;9,72502E+11;15/06/2022;9,72548E+11;
198;1;9,72502E+11;12/5/2021;9,7253E+11;
199;1;9,72502E+11;19/05/2021;9,72509E+11;
200;1;9,72502E+11;19/01/2022;9,72547E+11;
201;1;9,72502E+11;9/6/2021;9,7253E+11;
202;1;9,72502E+11;19/04/2022;9,72543E+11;
203;1;9,72502E+11;5/7/2021;9,72545E+11;
204;1;9,72502E+11;23/03/2022;9,72507E+11;
205;1;9,72502E+11;20/12/2021;9,72525E+11;
206;1;9,72502E+11;20/01/2022;9,72548E+11;
207;1;9,72502E+11;28/07/2021;9,7253E+11;
208;1;9,72502E+11;24/05/2021;9,72509E+11;
209;1;9,72502E+11;17/07/2022;9,72547E+11;
210;1;9,72502E+11;14/11/2021;9,7253E+11;
211;1;9,72502E+11;6/10/2021;9,72543E+11;
212;1;9,72502E+11;23/03/2021;9,72545E+11;
213;1;9,72502E+11;25/01/2021;9,72507E+11;
214;1;9,72502E+11;13/11/2021;9,72525E+11;
215;1;9,72502E+11;20/05/2021;9,72548E+11;
216;1;9,72502E+11;1/9/2021;9,7253E+11;
217;1;9,72502E+11;7/4/2022;9,72509E+11;
218;1;9,72502E+11;14/03/2022;9,72547E+11;
219;1;9,72502E+11;23/10/2021;9,7253E+11;
220;1;9,72502E+11;19/11/2021;9,72543E+11;
221;1;9,72502E+11;7/4/2022;9,72545E+11;
222;1;9,72502E+11;9/4/2021;9,72507E+11;
223;1;9,72502E+11;4/2/2021;9,72525E+11;
224;1;9,72502E+11;30/09/2021;9,72548E+11;
225;1;9,72502E+11;25/11/2021;9,7253E+11;
226;1;9,72502E+11;6/10/2021;9,72509E+11;
227;1;9,72502E+11;21/02/2022;9,72547E+11;
228;1;9,72502E+11;3/4/2022;9,7253E+11;
229;1;9,72502E+11;26/02/2021;9,72543E+11;
230;1;9,72502E+11;12/6/2021;9,72545E+11;
231;1;9,72502E+11;7/10/2021;9,72507E+11;
232;1;9,72502E+11;5/7/2021;9,72525E+11;
233;1;9,72502E+11;9/4/2022;9,72548E+11;
234;1;9,72502E+11;23/09/2021;9,7253E+11;
235;1;9,72502E+11;14/08/2021;9,72509E+11;
236;1;9,72502E+11;18/07/2022;9,72547E+11;
237;1;9,72502E+11;6/4/2022;9,7253E+11;
238;1;9,72502E+11;4/6/2022;9,72543E+11;
239;1;9,72502E+11;10/5/2021;9,72545E+11;
240;1;9,72502E+11;24/12/2021;9,72507E+11;
241;1;9,72502E+11;17/09/2021;9,72525E+11;
242;1;9,72502E+11;5/1/2022;9,72548E+11;
243;1;9,72502E+11;3/5/2022;9,7253E+11;
244;1;9,72502E+11;26/01/2021;9,72509E+11;
245;1;9,72502E+11;22/03/2022;9,72547E+11;
246;1;9,72502E+11;20/10/2021;9,7253E+11;
247;1;9,72502E+11;16/02/2022;9,72543E+11;
248;1;9,72502E+11;6/4/2022;9,72545E+11;
249;1;9,72502E+11;11/6/2021;9,72507E+11;
250;1;9,72502E+11;27/01/2022;9,72525E+11;
251;1;9,72502E+11;2/12/2021;9,72548E+11;
252;1;9,72502E+11;28/05/2022;9,7253E+11;
253;1;9,72502E+11;12/6/2022;9,72509E+11;
254;1;9,72502E+11;14/02/2021;9,72547E+11;
255;1;9,72502E+11;22/05/2022;9,7253E+11;
256;1;9,72502E+11;9/5/2021;9,72543E+11;
257;1;9,72502E+11;19/10/2021;9,72545E+11;
258;1;9,72502E+11;26/07/2021;9,72507E+11;
259;1;9,72502E+11;24/03/2022;9,72525E+11;
260;1;9,72502E+11;1/4/2022;9,72548E+11;
261;1;9,72502E+11;12/10/2021;9,7253E+11;
262;1;9,72502E+11;5/9/2021;9,72509E+11;
263;1;9,72502E+11;6/3/2021;9,72547E+11;
264;1;9,72502E+11;25/06/2022;9,7253E+11;
265;1;9,72502E+11;7/3/2021;9,72543E+11;
266;1;9,72502E+11;4/4/2021;9,72545E+11;
267;1;9,72502E+11;29/04/2022;9,72507E+11;
268;1;9,72502E+11;22/07/2022;9,72525E+11;
269;1;9,72502E+11;24/06/2021;9,72548E+11;
270;1;9,72502E+11;5/7/2022;9,7253E+11;
271;1;9,72502E+11;19/04/2022;9,72509E+11;
272;1;9,72502E+11;19/05/2021;9,72547E+11;
273;1;9,72502E+11;2/2/2021;9,7253E+11;
274;1;9,72502E+11;6/4/2022;9,72543E+11;
275;1;9,72502E+11;13/07/2022;9,72545E+11;
276;1;9,72502E+11;19/03/2021;9,72507E+11;
277;1;9,72502E+11;27/09/2021;9,72525E+11;
278;1;9,72502E+11;23/07/2022;9,72548E+11;
279;1;9,72502E+11;24/08/2021;9,7253E+11;
280;1;9,72502E+11;1/11/2021;9,72509E+11;
281;1;9,72502E+11;24/04/2022;9,72547E+11;
282;1;9,72502E+11;1/9/2021;9,7253E+11;
283;1;9,72502E+11;7/8/2021;9,72543E+11;
284;1;9,72502E+11;30/03/2022;9,72545E+11;
285;1;9,72502E+11;18/07/2022;9,72507E+11;
286;1;9,72502E+11;30/01/2021;9,72525E+11;
287;1;9,72502E+11;21/02/2021;9,72548E+11;
288;1;9,72502E+11;10/6/2021;9,7253E+11;
289;1;9,72502E+11;18/08/2021;9,72509E+11;
290;1;9,72502E+11;6/6/2022;9,72547E+11;
291;1;9,72502E+11;29/09/2021;9,7253E+11;
292;1;9,72502E+11;28/10/2021;9,72543E+11;
293;1;9,72502E+11;18/04/2022;9,72545E+11;
294;1;9,72502E+11;23/08/2021;9,72507E+11;
295;1;9,72502E+11;31/01/2022;9,72525E+11;
296;1;9,72502E+11;10/3/2022;9,72548E+11;
297;1;9,72502E+11;8/8/2021;9,7253E+11;
298;1;9,72502E+11;9/5/2022;9,72509E+11;
299;1;9,72502E+11;9/9/2021;9,72547E+11;
300;1;9,72502E+11;10/4/2022;9,7253E+11;
301;1;9,72502E+11;12/2/2021;9,72543E+11;
302;1;9,72502E+11;16/11/2021;9,72545E+11;
303;1;9,72502E+11;7/10/2021;9,72507E+11;
304;1;9,72502E+11;25/02/2022;9,72525E+11;
305;1;9,72502E+11;12/1/2022;9,72548E+11;
306;1;9,72502E+11;21/09/2021;9,7253E+11;
307;1;9,72502E+11;3/11/2021;9,72509E+11;
308;1;9,72502E+11;27/03/2022;9,72547E+11;
309;1;9,72502E+11;7/11/2021;9,7253E+11;
310;1;9,72502E+11;28/08/2021;9,72543E+11;
311;1;9,72502E+11;2/7/2021;9,72545E+11;
312;1;9,72502E+11;9/9/2021;9,72507E+11;
313;1;9,72502E+11;28/07/2021;9,72525E+11;
314;1;9,72502E+11;14/02/2021;9,72548E+11;
315;1;9,72502E+11;11/11/2021;9,7253E+11;
316;1;9,72502E+11;2/6/2022;9,72509E+11;
317;1;9,72502E+11;27/02/2022;9,72547E+11;
318;1;9,72502E+11;18/06/2021;9,7253E+11;
319;1;9,72502E+11;16/03/2021;9,72543E+11;
320;1;9,72502E+11;10/3/2021;9,72545E+11;
321;1;9,72502E+11;27/12/2021;9,72507E+11;
322;1;9,72502E+11;26/08/2021;9,72525E+11;
323;1;9,72502E+11;8/5/2022;9,72548E+11;
324;1;9,72502E+11;18/02/2021;9,7253E+11;
325;1;9,72502E+11;12/7/2021;9,72509E+11;
326;1;9,72502E+11;9/9/2021;9,72547E+11;
327;1;9,72502E+11;2/12/2021;9,7253E+11;
328;1;9,72502E+11;26/06/2022;9,72543E+11;
329;1;9,72502E+11;16/01/2022;9,72545E+11;
330;1;9,72502E+11;14/03/2022;9,72507E+11;
331;1;9,72502E+11;25/04/2022;9,72525E+11;
332;1;9,72502E+11;17/06/2022;9,72548E+11;
333;1;9,72502E+11;3/4/2021;9,7253E+11;
334;1;9,72502E+11;24/04/2022;9,72509E+11;
335;1;9,72502E+11;31/03/2021;9,72547E+11;
336;1;9,72502E+11;19/04/2022;9,7253E+11;
337;1;9,72502E+11;16/02/2022;9,72543E+11;
338;1;9,72502E+11;23/01/2021;9,72545E+11;
339;1;9,72502E+11;16/07/2022;9,72507E+11;
340;1;9,72502E+11;6/8/2021;9,72525E+11;
341;1;9,72502E+11;13/09/2021;9,72548E+11;
342;1;9,72502E+11;7/7/2022;9,7253E+11;
343;1;9,72502E+11;13/08/2021;9,72509E+11;
344;1;9,72502E+11;9/3/2021;9,72547E+11;
345;1;9,72502E+11;2/4/2021;9,7253E+11;
346;1;9,72502E+11;31/05/2022;9,72543E+11;
347;1;9,72502E+11;7/4/2021;9,72545E+11;
348;1;9,72502E+11;17/05/2021;9,72507E+11;
349;1;9,72502E+11;2/7/2022;9,72525E+11;
350;1;9,72502E+11;7/3/2021;9,72548E+11;
351;1;9,72502E+11;11/4/2022;9,7253E+11;
352;1;9,72502E+11;3/10/2021;9,72509E+11;
353;1;9,72502E+11;22/07/2021;9,72547E+11;
354;1;9,72502E+11;24/08/2021;9,7253E+11;
355;1;9,72502E+11;24/03/2021;9,72543E+11;
356;1;9,72502E+11;18/11/2021;9,72545E+11;
357;1;9,72502E+11;15/09/2021;9,72507E+11;
358;1;9,72502E+11;30/06/2022;9,72525E+11;
359;1;9,72502E+11;9/5/2021;9,72548E+11;
360;1;9,72502E+11;6/4/2021;9,7253E+11;
361;1;9,72502E+11;13/02/2021;9,72509E+11;
362;1;9,72502E+11;28/03/2022;9,72547E+11;
363;1;9,72502E+11;17/02/2021;9,7253E+11;
364;1;9,72502E+11;25/04/2022;9,72543E+11;
365;1;9,72502E+11;15/03/2022;9,72545E+11;
366;1;9,72502E+11;31/01/2022;9,72507E+11;
367;1;9,72502E+11;2/10/2021;9,72525E+11;
368;1;9,72502E+11;21/07/2022;9,72548E+11;
369;1;9,72502E+11;19/01/2022;9,7253E+11;
370;1;9,72502E+11;26/05/2021;9,72509E+11;
371;1;9,72502E+11;18/11/2021;9,72547E+11;
372;1;9,72502E+11;28/04/2021;9,7253E+11;
373;1;9,72502E+11;6/6/2022;9,72543E+11;
374;1;9,72502E+11;11/4/2021;9,72545E+11;
375;1;9,72502E+11;16/02/2022;9,72507E+11;
376;1;9,72502E+11;29/04/2021;9,72525E+11;
377;1;9,72502E+11;29/06/2022;9,72548E+11;
378;1;9,72502E+11;12/1/2022;9,7253E+11;
379;1;9,72502E+11;3/8/2021;9,72509E+11;
380;1;9,72502E+11;28/06/2021;9,72547E+11;
381;1;9,72502E+11;30/08/2021;9,7253E+11;
382;1;9,72502E+11;12/6/2021;9,72543E+11;
383;1;9,72502E+11;26/06/2022;9,72545E+11;
384;1;9,72502E+11;21/03/2022;9,72507E+11;
385;1;9,72502E+11;20/10/2021;9,72525E+11;
386;1;9,72502E+11;31/03/2021;9,72548E+11;
387;1;9,72502E+11;1/12/2021;9,7253E+11;
388;1;9,72502E+11;13/08/2021;9,72509E+11;
389;1;9,72502E+11;30/06/2021;9,72547E+11;
390;1;9,72502E+11;30/01/2022;9,7253E+11;
391;1;9,72502E+11;10/11/2021;9,72543E+11;
392;1;9,72502E+11;26/04/2022;9,72545E+11;
393;1;9,72502E+11;18/07/2021;9,72507E+11;
394;1;9,72502E+11;22/06/2022;9,72525E+11;
395;1;9,72502E+11;8/7/2021;9,72548E+11;
396;1;9,72502E+11;9/4/2022;9,7253E+11;
397;1;9,72502E+11;1/10/2021;9,72509E+11;
398;1;9,72502E+11;6/5/2021;9,72547E+11;
399;1;9,72502E+11;24/04/2021;9,7253E+11;
400;1;9,72502E+11;21/07/2022;9,72543E+11;
401;1;9,72502E+11;2/1/2021;9,72545E+11;
402;1;9,72502E+11;19/03/2022;9,72507E+11;
403;1;9,72502E+11;31/03/2022;9,72525E+11;
404;1;9,72502E+11;18/08/2021;9,72548E+11;
405;1;9,72502E+11;21/05/2021;9,7253E+11;
406;1;9,72502E+11;11/1/2022;9,72509E+11;
407;1;9,72502E+11;16/02/2022;9,72547E+11;
408;1;9,72502E+11;25/03/2022;9,7253E+11;
409;1;9,72502E+11;5/2/2021;9,72543E+11;
410;1;9,72502E+11;13/05/2022;9,72545E+11;
411;1;9,72502E+11;19/06/2021;9,72507E+11;
412;1;9,72502E+11;25/02/2022;9,72525E+11;
413;1;9,72502E+11;15/06/2022;9,72548E+11;
414;1;9,72502E+11;4/12/2021;9,7253E+11;
415;1;9,72502E+11;12/8/2021;9,72509E+11;
416;1;9,72502E+11;26/03/2021;9,72547E+11;
417;1;9,72502E+11;19/11/2021;9,7253E+11;
418;1;9,72502E+11;24/02/2021;9,72543E+11;
419;1;9,72502E+11;23/11/2021;9,72545E+11;
420;1;9,72502E+11;1/2/2021;9,72507E+11;
421;1;9,72502E+11;7/7/2022;9,72525E+11;
422;1;9,72502E+11;21/01/2021;9,72548E+11;
423;1;9,72502E+11;29/12/2021;9,7253E+11;
424;1;9,72502E+11;14/10/2021;9,72509E+11;
425;1;9,72502E+11;1/7/2021;9,72547E+11;
426;1;9,72502E+11;13/01/2021;9,7253E+11;
427;1;9,72502E+11;14/05/2022;9,72543E+11;
428;1;9,72502E+11;19/04/2022;9,72545E+11;
429;1;9,72502E+11;16/07/2022;9,72507E+11;
430;1;9,72502E+11;17/04/2021;9,72525E+11;
431;1;9,72502E+11;30/09/2021;9,72548E+11;
432;1;9,72502E+11;19/08/2021;9,7253E+11;
433;1;9,72502E+11;6/7/2022;9,72509E+11;
434;1;9,72502E+11;20/08/2021;9,72547E+11;
435;1;9,72502E+11;16/01/2021;9,7253E+11;
436;1;9,72502E+11;9/1/2021;9,72543E+11;
437;1;9,72502E+11;22/06/2021;9,72545E+11;
438;1;9,72502E+11;19/12/2021;9,72507E+11;
439;1;9,72502E+11;1/7/2021;9,72525E+11;
440;1;9,72502E+11;13/08/2021;9,72548E+11;
441;1;9,72502E+11;26/05/2022;9,7253E+11;
442;1;9,72502E+11;24/03/2022;9,72509E+11;
443;1;9,72502E+11;18/01/2022;9,72547E+11;
444;1;9,72502E+11;26/05/2022;9,7253E+11;
445;1;9,72502E+11;3/4/2022;9,72543E+11;
446;1;9,72502E+11;16/02/2022;9,72545E+11;
447;1;9,72502E+11;10/4/2022;9,72507E+11;
448;1;9,72502E+11;14/05/2021;9,72525E+11;
449;1;9,72502E+11;24/05/2022;9,72548E+11;
450;1;9,72502E+11;28/03/2022;9,7253E+11;
451;1;9,72502E+11;9/4/2022;9,72509E+11;
452;1;9,72502E+11;29/01/2022;9,72547E+11;
453;1;9,72502E+11;22/06/2022;9,7253E+11;
454;1;9,72502E+11;25/03/2021;9,72543E+11;
455;1;9,72502E+11;13/06/2022;9,72545E+11;
456;1;9,72502E+11;29/01/2021;9,72507E+11;
457;1;9,72502E+11;10/11/2021;9,72525E+11;
458;1;9,72502E+11;22/02/2021;9,72548E+11;
459;1;9,72502E+11;2/2/2022;9,7253E+11;
460;1;9,72502E+11;29/08/2021;9,72509E+11;
461;1;9,72502E+11;19/02/2021;9,72547E+11;
462;1;9,72502E+11;2/2/2021;9,7253E+11;
463;1;9,72502E+11;9/1/2021;9,72543E+11;
464;1;9,72502E+11;25/01/2022;9,72545E+11;
465;1;9,72502E+11;12/11/2021;9,72507E+11;
466;1;9,72502E+11;1/3/2021;9,72525E+11;
467;1;9,72502E+11;1/6/2021;9,72548E+11;
468;1;9,72502E+11;7/9/2021;9,7253E+11;
469;1;9,72502E+11;21/11/2021;9,72509E+11;
470;1;9,72502E+11;1/2/2022;9,72547E+11;
471;1;9,72502E+11;16/01/2021;9,7253E+11;
472;1;9,72502E+11;4/8/2021;9,72543E+11;
473;1;9,72502E+11;9/6/2022;9,72545E+11;
474;1;9,72502E+11;6/7/2021;9,72507E+11;
475;1;9,72502E+11;4/4/2021;9,72525E+11;
476;1;9,72502E+11;13/03/2021;9,72548E+11;
477;1;9,72502E+11;29/06/2022;9,7253E+11;
478;1;9,72502E+11;26/04/2022;9,72509E+11;
479;1;9,72502E+11;24/03/2021;9,72547E+11;
480;1;9,72502E+11;7/2/2021;9,7253E+11;
481;1;9,72502E+11;24/03/2021;9,72543E+11;
482;1;9,72502E+11;16/06/2021;9,72545E+11;
483;1;9,72502E+11;12/7/2021;9,72507E+11;
484;1;9,72502E+11;27/03/2022;9,72525E+11;
485;1;9,72502E+11;19/05/2021;9,72548E+11;
486;1;9,72502E+11;5/7/2022;9,7253E+11;
487;1;9,72502E+11;22/04/2022;9,72509E+11;
488;1;9,72502E+11;29/04/2022;9,72547E+11;
489;1;9,72502E+11;29/06/2021;9,7253E+11;
490;1;9,72502E+11;7/4/2021;9,72543E+11;
491;1;9,72502E+11;9/5/2021;9,72545E+11;
492;1;9,72502E+11;4/5/2022;9,72507E+11;
493;1;9,72502E+11;28/06/2022;9,72525E+11;
494;1;9,72502E+11;20/06/2022;9,72548E+11;
495;1;9,72502E+11;20/07/2021;9,7253E+11;
496;1;9,72502E+11;10/3/2021;9,72509E+11;
497;1;9,72502E+11;17/03/2021;9,72547E+11;
498;1;9,72502E+11;30/06/2021;9,7253E+11;
499;1;9,72502E+11;17/12/2021;9,72543E+11;
500;1;9,72502E+11;9/3/2022;9,72545E+11;
501;1;9,72502E+11;3/1/2021;9,72507E+11;
502;1;9,72502E+11;27/02/2022;9,72525E+11;
503;1;9,72502E+11;9/5/2021;9,72548E+11;
504;1;9,72502E+11;2/1/2021;9,7253E+11;
505;1;9,72502E+11;13/03/2022;9,72509E+11;
506;1;9,72502E+11;25/05/2022;9,72547E+11;
507;1;9,72502E+11;17/07/2021;9,7253E+11;
508;1;9,72502E+11;29/07/2022;9,72543E+11;
509;1;9,72502E+11;12/11/2021;9,72545E+11;
510;1;9,72502E+11;17/03/2021;9,72507E+11;
511;1;9,72502E+11;3/3/2022;9,72525E+11;
512;1;9,72502E+11;4/2/2022;9,72548E+11;
513;1;9,72502E+11;8/6/2022;9,7253E+11;
514;1;9,72502E+11;20/01/2022;9,72509E+11;
515;1;9,72502E+11;18/01/2022;9,72547E+11;
516;1;9,72502E+11;28/05/2022;9,7253E+11;
517;1;9,72502E+11;24/04/2022;9,72543E+11;
518;1;9,72502E+11;12/5/2022;9,72545E+11;
519;1;9,72502E+11;17/11/2021;9,72507E+11;
520;1;9,72502E+11;7/6/2021;9,72525E+11;
521;1;9,72502E+11;29/05/2021;9,72548E+11;
522;1;9,72502E+11;18/02/2022;9,7253E+11;
523;1;9,72502E+11;24/09/2021;9,72509E+11;
524;1;9,72502E+11;22/06/2022;9,72547E+11;
525;1;9,72502E+11;26/12/2021;9,7253E+11;
526;1;9,72502E+11;18/05/2022;9,72543E+11;
527;1;9,72502E+11;1/3/2022;9,72545E+11;
528;1;9,72502E+11;4/9/2021;9,72507E+11;
529;1;9,72502E+11;9/7/2022;9,72525E+11;
530;1;9,72502E+11;13/06/2022;9,72548E+11;
531;1;9,72502E+11;3/6/2022;9,7253E+11;
532;1;9,72502E+11;22/06/2021;9,72509E+11;
533;1;9,72502E+11;7/6/2022;9,72547E+11;
534;1;9,72502E+11;18/01/2022;9,7253E+11;
535;1;9,72502E+11;16/04/2022;9,72543E+11;
536;1;9,72502E+11;26/07/2022;9,72545E+11;
537;1;9,72502E+11;11/6/2021;9,72507E+11;
538;1;9,72502E+11;16/04/2021;9,72525E+11;
539;1;9,72502E+11;13/10/2021;9,72548E+11;
540;1;9,72502E+11;22/05/2021;9,7253E+11;
541;1;9,72502E+11;9/2/2022;9,72509E+11;
542;1;9,72502E+11;30/12/2021;9,72547E+11;
543;1;9,72502E+11;15/02/2021;9,7253E+11;
544;1;9,72502E+11;15/07/2022;9,72543E+11;
545;1;9,72502E+11;28/06/2021;9,72545E+11;
546;1;9,72502E+11;21/12/2021;9,72507E+11;
547;1;9,72502E+11;31/05/2022;9,72525E+11;
548;1;9,72502E+11;16/11/2021;9,72548E+11;
549;1;9,72502E+11;30/04/2022;9,7253E+11;
550;1;9,72502E+11;7/10/2021;9,72509E+11;
551;1;9,72502E+11;1/7/2021;9,72547E+11;
552;1;9,72502E+11;21/03/2022;9,7253E+11;
553;1;9,72502E+11;6/10/2021;9,72543E+11;
554;1;9,72502E+11;24/07/2022;9,72545E+11;
555;1;9,72502E+11;29/07/2021;9,72507E+11;
556;1;9,72502E+11;23/09/2021;9,72525E+11;
557;1;9,72502E+11;7/7/2021;9,72548E+11;
558;1;9,72502E+11;14/03/2021;9,7253E+11;
559;1;9,72502E+11;16/06/2022;9,72509E+11;
560;1;9,72502E+11;12/10/2021;9,72547E+11;
561;1;9,72502E+11;27/08/2021;9,7253E+11;
562;1;9,72502E+11;18/03/2022;9,72543E+11;
563;1;9,72502E+11;19/07/2022;9,72545E+11;
564;1;9,72502E+11;22/03/2022;9,72507E+11;
565;1;9,72502E+11;27/01/2021;9,72525E+11;
566;1;9,72502E+11;18/05/2022;9,72548E+11;
567;1;9,72502E+11;9/5/2021;9,7253E+11;
568;1;9,72502E+11;5/6/2022;9,72509E+11;
569;1;9,72502E+11;2/6/2022;9,72547E+11;
570;1;9,72502E+11;23/07/2021;9,7253E+11;
571;1;9,72502E+11;28/05/2021;9,72543E+11;
572;1;9,72502E+11;6/8/2021;9,72545E+11;
573;1;9,72502E+11;9/5/2021;9,72507E+11;
574;1;9,72502E+11;30/04/2021;9,72525E+11;
575;1;9,72502E+11;28/07/2022;9,72548E+11;
576;1;9,72502E+11;13/05/2022;9,7253E+11;
577;1;9,72502E+11;6/2/2022;9,72509E+11;
578;1;9,72502E+11;27/09/2021;9,72547E+11;
579;1;9,72502E+11;10/3/2021;9,7253E+11;
580;1;9,72502E+11;25/07/2021;9,72543E+11;
581;1;9,72502E+11;15/03/2022;9,72545E+11;
582;1;9,72502E+11;5/1/2021;9,72507E+11;
583;1;9,72502E+11;11/6/2021;9,72525E+11;
584;1;9,72502E+11;29/03/2021;9,72548E+11;
585;1;9,72502E+11;13/10/2021;9,7253E+11;
586;1;9,72502E+11;18/07/2021;9,72509E+11;
587;1;9,72502E+11;28/04/2022;9,72547E+11;
588;1;9,72502E+11;23/06/2021;9,7253E+11;
589;1;9,72502E+11;7/5/2022;9,72543E+11;
590;1;9,72502E+11;11/3/2022;9,72545E+11;
591;1;9,72502E+11;15/03/2021;9,72507E+11;
592;1;9,72502E+11;21/12/2021;9,72525E+11;
593;1;9,72502E+11;14/03/2021;9,72548E+11;
594;1;9,72502E+11;20/03/2021;9,7253E+11;
595;1;9,72502E+11;5/5/2021;9,72509E+11;
596;1;9,72502E+11;29/11/2021;9,72547E+11;
597;1;9,72502E+11;16/03/2021;9,7253E+11;
598;1;9,72502E+11;25/01/2022;9,72543E+11;
599;1;9,72502E+11;27/04/2021;9,72545E+11;
600;1;9,72502E+11;19/01/2021;9,72507E+11;
601;1;9,72502E+11;15/02/2021;9,72525E+11;
602;1;9,72502E+11;20/03/2021;9,72548E+11;
603;1;9,72502E+11;20/09/2021;9,7253E+11;
604;1;9,72502E+11;28/06/2022;9,72509E+11;
605;1;9,72502E+11;19/06/2022;9,72547E+11;
606;1;9,72502E+11;4/12/2021;9,7253E+11;
607;1;9,72502E+11;8/7/2022;9,72543E+11;
608;1;9,72502E+11;10/3/2021;9,72545E+11;
609;1;9,72502E+11;7/1/2021;9,72507E+11;
610;1;9,72502E+11;13/04/2021;9,72525E+11;
611;1;9,72502E+11;14/11/2021;9,72548E+11;
612;1;9,72502E+11;8/3/2022;9,7253E+11;
613;1;9,72502E+11;31/05/2022;9,72509E+11;
614;1;9,72502E+11;26/12/2021;9,72547E+11;
615;1;9,72502E+11;21/10/2021;9,7253E+11;
616;1;9,72502E+11;26/04/2021;9,72543E+11;
617;1;9,72502E+11;27/06/2021;9,72545E+11;
618;1;9,72502E+11;14/05/2022;9,72507E+11;
619;1;9,72502E+11;16/05/2022;9,72525E+11;
620;1;9,72502E+11;1/11/2021;9,72548E+11;
621;1;9,72502E+11;28/06/2021;9,7253E+11;
622;1;9,72502E+11;18/05/2022;9,72509E+11;
623;1;9,72502E+11;17/05/2022;9,72547E+11;
624;1;9,72502E+11;27/05/2021;9,7253E+11;
625;1;9,72502E+11;19/02/2021;9,72543E+11;
626;1;9,72502E+11;18/02/2022;9,72545E+11;
627;1;9,72502E+11;9/2/2022;9,72507E+11;
628;1;9,72502E+11;17/01/2022;9,72525E+11;
629;1;9,72502E+11;20/06/2021;9,72548E+11;
630;1;9,72502E+11;8/11/2021;9,7253E+11;
631;1;9,72502E+11;10/11/2021;9,72509E+11;
632;1;9,72502E+11;27/05/2022;9,72547E+11;
633;1;9,72502E+11;17/04/2021;9,7253E+11;
634;1;9,72502E+11;31/12/2021;9,72543E+11;
635;1;9,72502E+11;12/4/2021;9,72545E+11;
636;1;9,72502E+11;20/07/2022;9,72507E+11;
637;1;9,72502E+11;27/05/2021;9,72525E+11;
638;1;9,72502E+11;27/05/2021;9,72548E+11;
639;1;9,72502E+11;1/6/2021;9,7253E+11;
640;1;9,72502E+11;10/5/2021;9,72509E+11;
641;1;9,72502E+11;17/05/2022;9,72547E+11;
642;1;9,72502E+11;16/10/2021;9,7253E+11;
643;1;9,72502E+11;2/2/2021;9,72543E+11;
644;1;9,72502E+11;11/8/2021;9,72545E+11;
645;1;9,72502E+11;24/07/2021;9,72507E+11;
646;1;9,72502E+11;4/7/2021;9,72525E+11;
647;1;9,72502E+11;24/04/2021;9,72548E+11;
648;1;9,72502E+11;26/03/2022;9,7253E+11;
649;1;9,72502E+11;22/07/2022;9,72509E+11;
650;1;9,72502E+11;30/08/2021;9,72547E+11;
651;1;9,72502E+11;4/2/2022;9,7253E+11;
652;1;9,72502E+11;4/2/2021;9,72543E+11;
653;1;9,72502E+11;4/6/2022;9,72545E+11;
654;1;9,72502E+11;28/07/2022;9,72507E+11;
655;1;9,72502E+11;6/7/2022;9,72525E+11;
656;1;9,72502E+11;27/04/2021;9,72548E+11;
657;1;9,72502E+11;18/05/2022;9,7253E+11;
658;1;9,72502E+11;10/4/2021;9,72509E+11;
659;1;9,72502E+11;16/07/2021;9,72547E+11;
660;1;9,72502E+11;17/05/2021;9,7253E+11;
661;1;9,72502E+11;1/5/2021;9,72543E+11;
662;1;9,72502E+11;25/04/2022;9,72545E+11;
663;1;9,72502E+11;17/06/2021;9,72507E+11;
664;1;9,72502E+11;11/11/2021;9,72525E+11;
665;1;9,72502E+11;9/4/2021;9,72548E+11;
666;1;9,72502E+11;14/01/2022;9,7253E+11;
667;1;9,72502E+11;22/01/2021;9,72509E+11;
668;1;9,72502E+11;4/6/2022;9,72547E+11;
669;1;9,72502E+11;7/5/2022;9,7253E+11;
670;1;9,72502E+11;24/03/2021;9,72543E+11;
671;1;9,72502E+11;31/03/2021;9,72545E+11;
672;1;9,72502E+11;24/05/2022;9,72507E+11;
673;1;9,72502E+11;15/07/2022;9,72525E+11;
674;1;9,72502E+11;5/7/2021;9,72548E+11;
675;1;9,72502E+11;15/04/2022;9,7253E+11;
676;1;9,72502E+11;28/02/2021;9,72509E+11;
677;1;9,72502E+11;6/6/2022;9,72547E+11;
678;1;9,72502E+11;18/06/2022;9,7253E+11;
679;1;9,72502E+11;31/07/2022;9,72543E+11;
680;1;9,72502E+11;16/06/2022;9,72545E+11;
681;1;9,72502E+11;6/9/2021;9,72507E+11;
682;1;9,72502E+11;2/2/2022;9,72525E+11;
683;1;9,72502E+11;26/03/2021;9,72548E+11;
684;1;9,72502E+11;21/11/2021;9,7253E+11;
685;1;9,72502E+11;4/5/2021;9,72509E+11;
686;1;9,72502E+11;10/11/2021;9,72547E+11;
687;1;9,72502E+11;8/5/2021;9,7253E+11;
688;1;9,72502E+11;19/03/2022;9,72543E+11;
689;1;9,72502E+11;16/06/2021;9,72545E+11;
690;1;9,72502E+11;29/05/2022;9,72507E+11;
691;1;9,72502E+11;7/3/2021;9,72525E+11;
692;1;9,72502E+11;27/03/2022;9,72548E+11;
693;1;9,72502E+11;30/05/2022;9,7253E+11;
694;1;9,72502E+11;30/01/2022;9,72509E+11;
695;1;9,72502E+11;1/7/2022;9,72547E+11;
696;1;9,72502E+11;28/06/2021;9,7253E+11;
697;1;9,72502E+11;21/02/2021;9,72543E+11;
698;1;9,72502E+11;24/05/2021;9,72545E+11;
699;1;9,72502E+11;24/01/2022;9,72507E+11;
700;1;9,72502E+11;1/9/2021;9,72525E+11;
701;1;9,72502E+11;12/8/2021;9,72548E+11;
702;1;9,72502E+11;5/5/2021;9,7253E+11;
703;1;9,72502E+11;17/11/2021;9,72509E+11;
704;1;9,72502E+11;19/07/2021;9,72547E+11;
705;1;9,72502E+11;21/03/2021;9,7253E+11;
706;1;9,72502E+11;9/9/2021;9,72543E+11;
707;1;9,72502E+11;7/7/2022;9,72545E+11;
708;1;9,72502E+11;20/04/2022;9,72507E+11;
709;1;9,72502E+11;28/02/2021;9,72525E+11;
710;1;9,72502E+11;25/08/2021;9,72548E+11;
711;1;9,72502E+11;18/01/2022;9,7253E+11;
712;1;9,72502E+11;2/4/2021;9,72509E+11;
713;1;9,72502E+11;18/01/2022;9,72547E+11;
714;1;9,72502E+11;3/7/2021;9,7253E+11;
715;1;9,72502E+11;28/02/2021;9,72543E+11;
716;1;9,72502E+11;2/8/2021;9,72545E+11;
717;1;9,72502E+11;11/6/2021;9,72507E+11;
718;1;9,72502E+11;19/01/2021;9,72525E+11;
719;1;9,72502E+11;8/10/2021;9,72548E+11;
720;1;9,72502E+11;15/12/2021;9,7253E+11;
721;1;9,72502E+11;26/01/2022;9,72509E+11;
722;1;9,72502E+11;24/04/2021;9,72547E+11;
723;1;9,72502E+11;6/10/2021;9,7253E+11;
724;1;9,72502E+11;6/2/2022;9,72543E+11;
725;1;9,72502E+11;25/07/2021;9,72545E+11;
726;1;9,72502E+11;19/02/2022;9,72507E+11;
727;1;9,72502E+11;10/6/2022;9,72525E+11;
728;1;9,72502E+11;11/1/2021;9,72548E+11;
729;1;9,72502E+11;20/09/2021;9,7253E+11;
730;1;9,72502E+11;31/07/2022;9,72509E+11;
731;1;9,72502E+11;3/3/2022;9,72547E+11;
732;1;9,72502E+11;13/03/2022;9,7253E+11;
733;1;9,72502E+11;14/02/2021;9,72543E+11;
734;1;9,72502E+11;25/03/2021;9,72545E+11;
735;1;9,72502E+11;7/9/2021;9,72507E+11;
736;1;9,72502E+11;24/07/2022;9,72525E+11;
737;1;9,72502E+11;19/02/2022;9,72548E+11;
738;1;9,72502E+11;2/6/2022;9,7253E+11;
739;1;9,72502E+11;13/12/2021;9,72509E+11;
740;1;9,72502E+11;7/1/2021;9,72547E+11;
741;1;9,72502E+11;6/5/2022;9,7253E+11;
742;1;9,72502E+11;17/06/2022;9,72543E+11;
743;1;9,72502E+11;4/2/2021;9,72545E+11;
744;1;9,72502E+11;9/6/2021;9,72507E+11;
745;1;9,72502E+11;5/4/2022;9,72525E+11;
746;1;9,72502E+11;10/1/2021;9,72548E+11;
747;1;9,72502E+11;27/10/2021;9,7253E+11;
748;1;9,72502E+11;25/10/2021;9,72509E+11;
749;1;9,72502E+11;1/9/2021;9,72547E+11;
750;1;9,72502E+11;14/07/2021;9,7253E+11;
751;1;9,72502E+11;17/04/2022;9,72543E+11;
752;1;9,72502E+11;15/02/2022;9,72545E+11;
753;1;9,72502E+11;10/2/2021;9,72507E+11;
754;1;9,72502E+11;16/05/2021;9,72525E+11;
755;1;9,72502E+11;30/08/2021;9,72548E+11;
756;1;9,72502E+11;25/02/2022;9,7253E+11;
757;1;9,72502E+11;14/05/2021;9,72509E+11;
758;1;9,72502E+11;26/04/2021;9,72547E+11;
759;1;9,72502E+11;23/05/2021;9,7253E+11;
760;1;9,72502E+11;16/11/2021;9,72543E+11;
761;1;9,72502E+11;24/01/2021;9,72545E+11;
762;1;9,72502E+11;2/3/2022;9,72507E+11;
763;1;9,72502E+11;6/7/2022;9,72525E+11;
764;1;9,72502E+11;11/7/2021;9,72548E+11;
765;1;9,72502E+11;11/3/2021;9,7253E+11;
766;1;9,72502E+11;12/3/2021;9,72509E+11;
767;1;9,72502E+11;28/07/2021;9,72547E+11;
768;1;9,72502E+11;7/5/2021;9,7253E+11;
769;1;9,72502E+11;30/05/2021;9,72543E+11;
770;1;9,72502E+11;23/03/2021;9,72545E+11;
771;1;9,72502E+11;29/04/2022;9,72507E+11;
772;1;9,72502E+11;10/4/2022;9,72525E+11;
773;1;9,72502E+11;23/01/2022;9,72548E+11;
774;1;9,72502E+11;15/11/2021;9,7253E+11;
775;1;9,72502E+11;19/05/2022;9,72509E+11;
776;1;9,72502E+11;23/04/2021;9,72547E+11;
777;1;9,72502E+11;31/08/2021;9,7253E+11;
778;1;9,72502E+11;30/08/2021;9,72543E+11;
779;1;9,72502E+11;6/9/2021;9,72545E+11;
780;1;9,72502E+11;24/01/2022;9,72507E+11;
781;1;9,72502E+11;16/07/2022;9,72525E+11;
782;1;9,72502E+11;29/12/2021;9,72548E+11;
783;1;9,72502E+11;28/05/2021;9,7253E+11;
784;1;9,72502E+11;25/09/2021;9,72509E+11;
785;1;9,72502E+11;15/01/2022;9,72547E+11;
786;1;9,72502E+11;3/1/2021;9,7253E+11;
787;1;9,72502E+11;5/7/2022;9,72543E+11;
788;1;9,72502E+11;14/01/2021;9,72545E+11;
789;1;9,72502E+11;27/10/2021;9,72507E+11;
790;1;9,72502E+11;5/10/2021;9,72525E+11;
791;1;9,72502E+11;20/01/2022;9,72548E+11;
792;1;9,72502E+11;5/8/2021;9,7253E+11;
793;1;9,72502E+11;21/04/2022;9,72509E+11;
794;1;9,72502E+11;27/02/2022;9,72547E+11;
795;1;9,72502E+11;14/07/2022;9,7253E+11;
796;1;9,72502E+11;4/10/2021;9,72543E+11;
797;1;9,72502E+11;18/04/2022;9,72545E+11;
798;1;9,72502E+11;20/07/2022;9,72507E+11;
799;1;9,72502E+11;21/02/2022;9,72525E+11;
800;1;9,72502E+11;28/01/2021;9,72548E+11;
801;1;9,72502E+11;2/4/2021;9,7253E+11;
802;1;9,72502E+11;3/7/2022;9,72509E+11;
803;1;9,72502E+11;23/07/2022;9,72547E+11;
804;1;9,72502E+11;22/03/2022;9,7253E+11;
805;1;9,72502E+11;6/1/2022;9,72543E+11;
806;1;9,72502E+11;16/03/2022;9,72545E+11;
807;1;9,72502E+11;10/7/2022;9,72507E+11;
808;1;9,72502E+11;18/04/2021;9,72525E+11;
809;1;9,72502E+11;12/3/2022;9,72548E+11;
810;1;9,72502E+11;28/10/2021;9,7253E+11;
811;1;9,72502E+11;26/03/2022;9,72509E+11;
812;1;9,72502E+11;16/05/2022;9,72547E+11;
813;1;9,72502E+11;4/8/2021;9,7253E+11;
814;1;9,72502E+11;18/08/2021;9,72543E+11;
815;1;9,72502E+11;14/02/2022;9,72545E+11;
816;1;9,72502E+11;4/2/2021;9,72507E+11;
817;1;9,72502E+11;3/5/2021;9,72525E+11;
818;1;9,72502E+11;29/10/2021;9,72548E+11;
819;1;9,72502E+11;21/01/2022;9,7253E+11;
820;1;9,72502E+11;18/05/2022;9,72509E+11;
821;1;9,72502E+11;29/08/2021;9,72547E+11;
822;1;9,72502E+11;23/02/2022;9,7253E+11;
823;1;9,72502E+11;27/05/2021;9,72543E+11;
824;1;9,72502E+11;17/07/2021;9,72545E+11;
825;1;9,72502E+11;29/06/2021;9,72507E+11;
826;1;9,72502E+11;24/05/2022;9,72525E+11;
827;1;9,72502E+11;24/10/2021;9,72548E+11;
828;1;9,72502E+11;26/07/2021;9,7253E+11;
829;1;9,72502E+11;15/02/2021;9,72509E+11;
830;1;9,72502E+11;6/8/2021;9,72547E+11;
831;1;9,72502E+11;5/3/2022;9,7253E+11;
832;1;9,72502E+11;30/11/2021;9,72543E+11;
833;1;9,72502E+11;2/12/2021;9,72545E+11;
834;1;9,72502E+11;26/05/2021;9,72507E+11;
835;1;9,72502E+11;23/02/2021;9,72525E+11;
836;1;9,72502E+11;20/04/2022;9,72548E+11;
837;1;9,72502E+11;28/12/2021;9,7253E+11;
838;1;9,72502E+11;3/2/2022;9,72509E+11;
839;1;9,72502E+11;16/06/2021;9,72547E+11;
840;1;9,72502E+11;17/04/2021;9,7253E+11;
841;1;9,72502E+11;17/04/2022;9,72543E+11;
842;1;9,72502E+11;22/07/2021;9,72545E+11;
843;1;9,72502E+11;18/06/2021;9,72507E+11;
844;1;9,72502E+11;4/3/2022;9,72525E+11;
845;1;9,72502E+11;17/02/2021;9,72548E+11;
846;1;9,72502E+11;7/10/2021;9,7253E+11;
847;1;9,72502E+11;23/07/2021;9,72509E+11;
848;1;9,72502E+11;18/06/2021;9,72547E+11;
849;1;9,72502E+11;7/4/2022;9,7253E+11;
850;1;9,72502E+11;9/2/2022;9,72543E+11;
851;1;9,72502E+11;3/11/2021;9,72545E+11;
852;1;9,72502E+11;1/5/2022;9,72507E+11;
853;1;9,72502E+11;18/09/2021;9,72525E+11;
854;1;9,72502E+11;3/1/2022;9,72548E+11;
855;1;9,72502E+11;18/04/2021;9,7253E+11;
856;1;9,72502E+11;20/03/2021;9,72509E+11;
857;1;9,72502E+11;9/10/2021;9,72547E+11;
858;1;9,72502E+11;5/9/2021;9,7253E+11;
859;1;9,72502E+11;4/6/2021;9,72543E+11;
860;1;9,72502E+11;27/02/2021;9,72545E+11;
861;1;9,72502E+11;5/6/2021;9,72507E+11;
862;1;9,72502E+11;30/07/2022;9,72525E+11;
863;1;9,72502E+11;19/03/2022;9,72548E+11;
864;1;9,72502E+11;16/04/2022;9,7253E+11;
865;1;9,72502E+11;11/2/2022;9,72509E+11;
866;1;9,72502E+11;19/09/2021;9,72547E+11;
867;1;9,72502E+11;29/05/2021;9,7253E+11;
868;1;9,72502E+11;5/8/2021;9,72543E+11;
869;1;9,72502E+11;8/7/2022;9,72545E+11;
870;1;9,72502E+11;22/12/2021;9,72507E+11;
871;1;9,72502E+11;11/5/2021;9,72525E+11;
872;1;9,72502E+11;3/8/2021;9,72548E+11;
873;1;9,72502E+11;4/3/2021;9,7253E+11;
874;1;9,72502E+11;3/3/2022;9,72509E+11;
875;1;9,72502E+11;12/2/2021;9,72547E+11;
876;1;9,72502E+11;18/08/2021;9,7253E+11;
877;1;9,72502E+11;5/3/2021;9,72543E+11;
878;1;9,72502E+11;25/03/2022;9,72545E+11;
879;1;9,72502E+11;8/12/2021;9,72507E+11;
880;1;9,72502E+11;17/06/2022;9,72525E+11;
881;1;9,72502E+11;21/02/2021;9,72548E+11;
882;1;9,72502E+11;19/02/2022;9,7253E+11;
883;1;9,72502E+11;22/11/2021;9,72509E+11;
884;1;9,72502E+11;15/10/2021;9,72547E+11;
885;1;9,72502E+11;25/07/2022;9,7253E+11;
886;1;9,72502E+11;18/07/2022;9,72543E+11;
887;1;9,72502E+11;11/11/2021;9,72545E+11;
888;1;9,72502E+11;18/08/2021;9,72507E+11;
889;1;9,72502E+11;10/4/2022;9,72525E+11;
890;1;9,72502E+11;17/01/2022;9,72548E+11;
891;1;9,72502E+11;9/3/2021;9,7253E+11;
892;1;9,72502E+11;29/07/2021;9,72509E+11;
893;1;9,72502E+11;16/08/2021;9,72547E+11;
894;1;9,72502E+11;17/04/2021;9,7253E+11;
895;1;9,72502E+11;28/01/2022;9,72543E+11;
896;1;9,72502E+11;24/11/2021;9,72545E+11;
897;1;9,72502E+11;6/2/2022;9,72507E+11;
898;1;9,72502E+11;5/5/2022;9,72525E+11;
899;1;9,72502E+11;8/12/2021;9,72548E+11;
900;1;9,72502E+11;3/9/2021;9,7253E+11;
901;1;9,72502E+11;15/01/2021;9,72509E+11;
902;1;9,72502E+11;14/11/2021;9,72547E+11;
903;1;9,72502E+11;29/11/2021;9,7253E+11;
904;1;9,72502E+11;1/5/2022;9,72543E+11;
905;1;9,72502E+11;12/1/2022;9,72545E+11;
906;1;9,72502E+11;13/01/2022;9,72507E+11;
907;1;9,72502E+11;1/9/2021;9,72525E+11;
908;1;9,72502E+11;30/11/2021;9,72548E+11;
909;1;9,72502E+11;13/03/2021;9,7253E+11;
910;1;9,72502E+11;26/04/2021;9,72509E+11;
911;1;9,72502E+11;17/12/2021;9,72547E+11;
912;1;9,72502E+11;7/4/2021;9,7253E+11;
913;1;9,72502E+11;28/02/2022;9,72543E+11;
914;1;9,72502E+11;14/04/2021;9,72545E+11;
915;1;9,72502E+11;16/03/2021;9,72507E+11;
916;1;9,72502E+11;1/12/2021;9,72525E+11;
917;1;9,72502E+11;22/05/2021;9,72548E+11;
918;1;9,72502E+11;29/06/2021;9,7253E+11;
919;1;9,72502E+11;23/01/2022;9,72509E+11;
920;1;9,72502E+11;18/10/2021;9,72547E+11;
921;1;9,72502E+11;20/03/2021;9,7253E+11;
922;1;9,72502E+11;29/05/2022;9,72543E+11;
923;1;9,72502E+11;18/05/2022;9,72545E+11;
924;1;9,72502E+11;16/05/2021;9,72507E+11;
925;1;9,72502E+11;1/6/2022;9,72525E+11;
926;1;9,72502E+11;6/3/2022;9,72548E+11;
927;1;9,72502E+11;26/07/2021;9,7253E+11;
928;1;9,72502E+11;22/04/2022;9,72509E+11;
929;1;9,72502E+11;30/03/2022;9,72547E+11;
930;1;9,72502E+11;28/03/2022;9,7253E+11;
931;1;9,72502E+11;8/11/2021;9,72543E+11;
932;1;9,72502E+11;22/03/2021;9,72545E+11;
933;1;9,72502E+11;20/04/2022;9,72507E+11;
934;1;9,72502E+11;11/7/2021;9,72525E+11;
935;1;9,72502E+11;14/02/2022;9,72548E+11;
936;1;9,72502E+11;22/05/2021;9,7253E+11;
937;1;9,72502E+11;18/03/2021;9,72509E+11;
938;1;9,72502E+11;1/10/2021;9,72547E+11;
939;1;9,72502E+11;28/09/2021;9,7253E+11;
940;1;9,72502E+11;25/08/2021;9,72543E+11;
941;1;9,72502E+11;31/01/2021;9,72545E+11;
942;1;9,72502E+11;23/10/2021;9,72507E+11;
943;1;9,72502E+11;19/02/2021;9,72525E+11;
944;1;9,72502E+11;26/07/2022;9,72548E+11;
945;1;9,72502E+11;21/09/2021;9,7253E+11;
946;1;9,72502E+11;1/12/2021;9,72509E+11;
947;1;9,72502E+11;25/06/2022;9,72547E+11;
948;1;9,72502E+11;20/03/2022;9,7253E+11;
949;1;9,72502E+11;23/01/2021;9,72543E+11;
950;1;9,72502E+11;21/07/2022;9,72545E+11;
951;1;9,72502E+11;1/10/2021;9,72507E+11;
952;1;9,72502E+11;8/2/2021;9,72525E+11;
953;1;9,72502E+11;17/01/2022;9,72548E+11;
954;1;9,72502E+11;19/05/2022;9,7253E+11;
955;1;9,72502E+11;10/4/2021;9,72509E+11;
956;1;9,72502E+11;30/09/2021;9,72547E+11;
957;1;9,72502E+11;13/01/2022;9,7253E+11;
958;1;9,72502E+11;23/06/2022;9,72543E+11;
959;1;9,72502E+11;13/12/2021;9,72545E+11;
960;1;9,72502E+11;24/12/2021;9,72507E+11;
961;1;9,72502E+11;11/6/2022;9,72525E+11;
962;1;9,72502E+11;15/05/2022;9,72548E+11;
963;1;9,72502E+11;29/01/2021;9,7253E+11;
964;1;9,72502E+11;21/04/2022;9,72509E+11;
965;1;9,72502E+11;28/07/2021;9,72547E+11;
966;1;9,72502E+11;25/02/2021;9,7253E+11;
967;1;9,72502E+11;27/07/2021;9,72543E+11;
968;1;9,72502E+11;3/6/2022;9,72545E+11;
969;1;9,72502E+11;28/09/2021;9,72507E+11;
970;1;9,72502E+11;31/10/2021;9,72525E+11;
971;1;9,72502E+11;22/04/2021;9,72548E+11;
972;1;9,72502E+11;28/05/2021;9,7253E+11;
973;1;9,72502E+11;15/12/2021;9,72509E+11;
974;1;9,72502E+11;11/6/2021;9,72547E+11;
975;1;9,72502E+11;8/10/2021;9,7253E+11;
976;1;9,72502E+11;26/04/2021;9,72543E+11;
977;1;9,72502E+11;7/11/2021;9,72545E+11;
978;1;9,72502E+11;25/02/2021;9,72507E+11;
979;1;9,72502E+11;21/01/2022;9,72525E+11;
980;1;9,72502E+11;19/02/2022;9,72548E+11;
981;1;9,72502E+11;21/09/2021;9,7253E+11;
982;1;9,72502E+11;28/03/2022;9,72509E+11;
983;1;9,72502E+11;21/05/2021;9,72547E+11;
984;1;9,72502E+11;7/4/2022;9,7253E+11;
985;1;9,72502E+11;3/7/2021;9,72543E+11;
986;1;9,72502E+11;12/7/2021;9,72545E+11;
987;1;9,72502E+11;31/07/2021;9,72507E+11;
988;1;9,72502E+11;6/5/2021;9,72525E+11;
989;1;9,72502E+11;7/5/2021;9,72548E+11;
990;1;9,72502E+11;14/03/2021;9,7253E+11;
991;1;9,72502E+11;21/05/2021;9,72509E+11;
992;1;9,72502E+11;10/1/2021;9,72547E+11;
993;1;9,72502E+11;4/6/2022;9,7253E+11;
994;1;9,72502E+11;15/05/2021;9,72543E+11;
995;1;9,72502E+11;4/9/2021;9,72545E+11;
996;1;9,72502E+11;20/04/2021;9,72507E+11;
997;1;9,72502E+11;4/6/2022;9,72525E+11;
998;1;9,72502E+11;10/3/2021;9,72548E+11;
999;1;9,72502E+11;25/02/2022;9,7253E+11;
1000;1;9,72502E+11;13/12/2021;9,72509E+11;
1001;1;9,72502E+11;4/6/2022;9,72547E+11;
1002;1;9,72502E+11;25/03/2021;9,7253E+11;
1003;1;9,72502E+11;8/5/2022;9,72543E+11;
1004;1;9,72502E+11;26/01/2022;9,72545E+11;
1005;1;9,72502E+11;20/07/2021;9,72507E+11;
1006;1;9,72502E+11;9/10/2021;9,72525E+11;
1007;1;9,72502E+11;12/12/2021;9,72548E+11;
1008;1;9,72502E+11;27/01/2022;9,7253E+11;
1009;1;9,72502E+11;2/12/2021;9,72509E+11;
1010;1;9,72502E+11;22/03/2022;9,72547E+11;
1011;1;9,72502E+11;24/01/2021;9,7253E+11;
1012;1;9,72502E+11;23/12/2021;9,72543E+11;
1013;1;9,72502E+11;17/04/2021;9,72545E+11;
1014;1;9,72502E+11;19/06/2021;9,72507E+11;
1015;1;9,72502E+11;18/04/2022;9,72525E+11;
1016;1;9,72502E+11;17/01/2022;9,72548E+11;
1017;1;9,72502E+11;16/10/2021;9,7253E+11;
1018;1;9,72502E+11;30/01/2021;9,72509E+11;
1019;1;9,72502E+11;17/01/2022;9,72547E+11;
1020;1;9,72502E+11;10/4/2021;9,7253E+11;
1021;1;9,72502E+11;7/4/2022;9,72543E+11;
1022;1;9,72502E+11;7/7/2022;9,72545E+11;
1023;1;9,72502E+11;27/07/2021;9,72507E+11;
1024;1;9,72502E+11;22/04/2021;9,72525E+11;
1025;1;9,72502E+11;18/04/2021;9,72548E+11;
1026;1;9,72502E+11;3/2/2022;9,7253E+11;
1027;1;9,72502E+11;14/06/2022;9,72509E+11;
1028;1;9,72502E+11;3/5/2021;9,72547E+11;
1029;1;9,72502E+11;6/12/2021;9,7253E+11;
